{"metadata":{"asset_id":"56826ccc-c64a-4436-a72b-60fbfac74154","asset_attributes":["data_asset"],"name":"cancer.csv","asset_type":"data_asset","created_at":"2020-10-18T09:37:16Z","description":"","origin_country":"us","owner_id":"IBMid-5500091P8V","project_id":"27e4dbc6-10aa-40b1-8ea6-f411c6ca46f4","size":24566,"tags":[],"usage":{"last_update_time":1603013838661,"last_updated_at":"2020-10-18T09:37:18Z"}},"entity":{"data_asset":{"mime_type":"text/csv","dataset":false}},"attachments":[{"id":"8af7a917-1415-4c1d-a02f-09f7d51fe777","version":2,"asset_type":"data_asset","name":"cancer.csv","mime":"text/csv","datasource_type":"193a97c1-4475-4a19-b90c-295c4fdc6517","object_key":"cancer.csv","creator_id":"IBMid-5500091P8V","create_time":1603013838660,"size":24566,"is_remote":false,"is_managed":false,"is_referenced":true,"is_object_key_read_only":true,"is_user_provided_path_key":true,"transfer_complete":true,"is_partitioned":false,"complete_time_ticks":1603013838660,"user_data":{},"test_doc":0,"handle":{"bucket":"modelforcancerpredict-donotdelete-pr-ot5bzfip3f25ho","location":"us-geo","key":"cancer.csv","upload_id":"done","max_part_num":1},"usage":{"access_count":0,"last_accessor_id":"IBMid-5500091P8V","last_access_time":1603013838660}}]}
