{"metadata":{"asset_id":"05203ab8-2df0-4c42-bc11-0bc9abd2ca40","asset_attributes":["wml_model"],"name":"BreastCancerRiskPredict - P3 LGBMClassifierEstimator","asset_type":"wml_model","created_at":"2020-10-18T09:47:39Z","description":"","origin_country":"us","owner_id":"IBMid-5500091P8V","project_id":"27e4dbc6-10aa-40b1-8ea6-f411c6ca46f4","sandbox_id":"27e4dbc6-10aa-40b1-8ea6-f411c6ca46f4","size":19029,"tags":[],"usage":{"last_update_time":1603014469150,"last_updated_at":"2020-10-18T09:47:49Z"}},"entity":{"wml_model":{"hybrid_pipeline_software_specs":[{"base_id":"632d4b22-10aa-5180-88f0-f52dfb6444d7","name":"autoai-kb_3.1-py3.7"}],"pipeline":{"id":"d4e323df-814e-4dd5-96aa-c88e3b9493d4"},"ml_version":"4.0.1","type":"wml-hybrid_0.1","schemas":{"input":[{"fields":[{"name":"radius_mean","type":"double"},{"name":"perimeter_mean","type":"double"},{"name":"area_mean","type":"double"},{"name":"compactness_mean","type":"double"},{"name":"concavity_mean","type":"double"},{"name":"concave points_mean","type":"double"}],"id":"auto_ai_kb_input_schema"}],"output":[]},"content_location":{"connection":{"access_key_id":"344ab5a7d72f4c698755daf1d44ce428","endpoint_url":"https://s3-api.us-geo.objectstorage.softlayer.net","secret_access_key":"22bc8dd1abbc77f0c72c98507ded2184968f3eb8b2c57d71","accessKeyId":"344ab5a7d72f4c698755daf1d44ce428"},"contents":[{"content_format":"native","file_name":"pipeline_model.json","location":"auto_ml/5a1cc5a4-ec15-4460-b814-a816290c5db4/wml_data/6fd47a53-9471-44aa-b4cd-a1dcb04e3f03/assets/6fd47a53-9471-44aa-b4cd-a1dcb04e3f03_P3_cognito_output/resources/wml_model/pipeline_model.json"},{"content_format":"pipeline-node","file_name":"P3_automl.zip","location":"auto_ml/5a1cc5a4-ec15-4460-b814-a816290c5db4/wml_data/6fd47a53-9471-44aa-b4cd-a1dcb04e3f03/assets/6fd47a53-9471-44aa-b4cd-a1dcb04e3f03_P3_cognito_output/resources/wml_model/P3_automl.zip","pipeline_node_id":"automl"},{"content_format":"native","file_name":"pipeline_model.json","location":"auto_ml/5a1cc5a4-ec15-4460-b814-a816290c5db4/wml_data/6fd47a53-9471-44aa-b4cd-a1dcb04e3f03/assets/6fd47a53-9471-44aa-b4cd-a1dcb04e3f03_P3_cognito_output/resources/wml_model/pipeline_model.json"}],"location":{"path":"auto_ml/5a1cc5a4-ec15-4460-b814-a816290c5db4/wml_data","training":"auto_ml/5a1cc5a4-ec15-4460-b814-a816290c5db4/wml_data/6fd47a53-9471-44aa-b4cd-a1dcb04e3f03","training_status":"auto_ml/5a1cc5a4-ec15-4460-b814-a816290c5db4/wml_data/6fd47a53-9471-44aa-b4cd-a1dcb04e3f03/training-status.json","bucket":"modelforcancerpredict-donotdelete-pr-ot5bzfip3f25ho","type":"s3","assets_path":"auto_ml/5a1cc5a4-ec15-4460-b814-a816290c5db4/wml_data/6fd47a53-9471-44aa-b4cd-a1dcb04e3f03/assets"},"type":"s3"},"training_data_references":[{"connection":{"endpoint_url":"https://s3-api.us-geo.objectstorage.softlayer.net","auth_endpoint":"https://iam.bluemix.net/oidc/token/","api_key":"tt2Mn87WZXAG_HPq8UcnLPXMPSjyPdznOREt8Q6HyT6N","secret_access_key":"22bc8dd1abbc77f0c72c98507ded2184968f3eb8b2c57d71","access_key_id":"344ab5a7d72f4c698755daf1d44ce428","service_instance_id":"iam-ServiceId-df8dbd50-e87a-45c9-b6ed-db8274feb9c3"},"location":{"bucket":"modelforcancerpredict-donotdelete-pr-ot5bzfip3f25ho","path":"cancer.csv","type":"s3"},"type":"s3"}],"software_spec":{"base_id":"8c1a58c6-62b5-4dc4-987a-df751c2756b6","name":"hybrid_0.1"},"content_import_state":"completed"}},"attachments":[{"id":"08acb091-a96b-4837-969c-88093929613c","version":2,"asset_type":"wml_model","name":"P3_automl.zip","datasource_type":"193a97c1-4475-4a19-b90c-295c4fdc6517","creator_id":"IBMid-5500091P8V","create_time":1603014463235,"size":17521,"is_remote":false,"is_managed":true,"is_referenced":false,"is_object_key_read_only":false,"is_user_provided_path_key":false,"transfer_complete":true,"is_partitioned":false,"complete_time_ticks":1603014465550,"user_data":{"content_format":"pipeline-node","pipeline_node_id":"automl"},"test_doc":0,"handle":{"bucket":"modelforcancerpredict-donotdelete-pr-ot5bzfip3f25ho","location":"us-geo","type":"bluemix_cos","key":"bc1c3868-7538-4c68-a1f8-a596d35c625b/05203ab8-2df0-4c42-bc11-0bc9abd2ca40/08acb091-a96b-4837-969c-88093929613c","upload_id":"done","max_part_num":1},"usage":{"access_count":0,"last_accessor_id":"IBMid-5500091P8V","last_access_time":1603014463235}},{"id":"52f37b32-ce23-4078-9a75-11913ce74808","version":2,"asset_type":"wml_model","name":"pipeline_model.json","datasource_type":"193a97c1-4475-4a19-b90c-295c4fdc6517","creator_id":"IBMid-5500091P8V","create_time":1603014467341,"size":1508,"is_remote":false,"is_managed":true,"is_referenced":false,"is_object_key_read_only":false,"is_user_provided_path_key":false,"transfer_complete":true,"is_partitioned":false,"complete_time_ticks":1603014469006,"user_data":{"content_format":"native"},"test_doc":0,"handle":{"bucket":"modelforcancerpredict-donotdelete-pr-ot5bzfip3f25ho","location":"us-geo","type":"bluemix_cos","key":"bc1c3868-7538-4c68-a1f8-a596d35c625b/05203ab8-2df0-4c42-bc11-0bc9abd2ca40/52f37b32-ce23-4078-9a75-11913ce74808","upload_id":"done","max_part_num":1},"usage":{"access_count":0,"last_accessor_id":"IBMid-5500091P8V","last_access_time":1603014467341}}]}
