{"metadata":{"asset_id":"d4e323df-814e-4dd5-96aa-c88e3b9493d4","asset_attributes":["wml_pipeline"],"name":"BreastCancerRiskPredict","asset_type":"wml_pipeline","created_at":"2020-10-18T09:37:52Z","description":"","origin_country":"us","owner_id":"IBMid-5500091P8V","project_id":"27e4dbc6-10aa-40b1-8ea6-f411c6ca46f4","sandbox_id":"27e4dbc6-10aa-40b1-8ea6-f411c6ca46f4","size":0,"tags":["dsx-project.27e4dbc6-10aa-40b1-8ea6-f411c6ca46f4"],"usage":{"last_update_time":1603013872866,"last_updated_at":"2020-10-18T09:37:52Z"}},"entity":{"wml_pipeline":{"document":{"doc_type":"pipeline","pipelines":[{"id":"autoai","nodes":[{"id":"automl","op":"kube","parameters":{"input_file_separator":",","optimization":{"compute_pipeline_notebooks_flag":true,"daub_adaptive_subsampling_max_mem_usage":15000000000,"holdout_param":0.1,"label":"diagnosis","learning_type":"classification","max_num_daub_ensembles":2,"positive_label":"B","run_cognito_flag":true,"scorer_for_ranking":"accuracy"},"output_logs":true,"stage_flag":true},"runtime_ref":"autoai","type":"execution_node"}],"runtime_ref":"hybrid"}],"primary_pipeline":"autoai","runtimes":[{"app_data":{"wml_data":{"hardware_spec":{"base_id":"a6c4923b-b8e4-444c-9f43-8a7ec3020110","name":"L"}}},"id":"autoai","name":"auto_ai.kb"}],"version":"2.0"},"ml_version":"4.0.0"}}}
