{"metadata":{"asset_id":"d92e8ce0-1172-46c6-b01f-865213987730","asset_attributes":["wml_model"],"name":"BreastCancerPrediction - P4 LGBMClassifierEstimator","asset_type":"wml_model","created_at":"2020-10-13T09:27:41Z","description":"","origin_country":"us","owner_id":"IBMid-5500091P8V","project_id":"63bb144a-8c62-4dd6-b32f-27180421200b","sandbox_id":"63bb144a-8c62-4dd6-b32f-27180421200b","size":64387,"tags":[],"usage":{"last_update_time":1602581268627,"last_updated_at":"2020-10-13T09:27:48Z"}},"entity":{"wml_model":{"hybrid_pipeline_software_specs":[{"base_id":"d139f196-e04b-5d8b-9140-9a10ca1fa91a","name":"autoai-kb_3.0-py3.6"}],"pipeline":{"id":"292f0e70-38e1-4183-95fd-afe0bf2dea14"},"ml_version":"4.0.1","type":"wml-hybrid_0.1","schemas":{"input":[{"fields":[{"name":"id","type":"integer"},{"name":"radius_mean","type":"double"},{"name":"texture_mean","type":"double"},{"name":"perimeter_mean","type":"double"},{"name":"area_mean","type":"double"},{"name":"smoothness_mean","type":"double"},{"name":"compactness_mean","type":"double"},{"name":"concavity_mean","type":"double"},{"name":"concave points_mean","type":"double"},{"name":"symmetry_mean","type":"double"},{"name":"fractal_dimension_mean","type":"double"},{"name":"radius_se","type":"double"},{"name":"texture_se","type":"double"},{"name":"perimeter_se","type":"double"},{"name":"area_se","type":"double"},{"name":"smoothness_se","type":"double"},{"name":"compactness_se","type":"double"},{"name":"concavity_se","type":"double"},{"name":"concave points_se","type":"double"},{"name":"symmetry_se","type":"double"},{"name":"fractal_dimension_se","type":"double"},{"name":"radius_worst","type":"double"},{"name":"texture_worst","type":"double"},{"name":"perimeter_worst","type":"double"},{"name":"area_worst","type":"double"},{"name":"smoothness_worst","type":"double"},{"name":"compactness_worst","type":"double"},{"name":"concavity_worst","type":"double"},{"name":"concave points_worst","type":"double"},{"name":"symmetry_worst","type":"double"},{"name":"fractal_dimension_worst","type":"double"},{"name":"Unnamed: 32","type":"double"}],"id":"auto_ai_kb_input_schema"}],"output":[]},"content_location":{"connection":{"access_key_id":"82091529d6b644d6b5abb4b96444e735","endpoint_url":"https://s3-api.us-geo.objectstorage.softlayer.net","secret_access_key":"7d4cf14295f6fc227044364c243cd07245c0cf1bb5329f80","accessKeyId":"82091529d6b644d6b5abb4b96444e735"},"contents":[{"content_format":"pipeline-node","file_name":"P4_automl.zip","location":"auto_ml/d99b48cf-e95e-4602-b8b6-cc10c9957c86/wml_data/02a7d55e-950a-439e-bdb7-be7abe774a9c/assets/02a7d55e-950a-439e-bdb7-be7abe774a9c_P4_hpo_c_output/resources/wml_model/P4_automl.zip","pipeline_node_id":"automl"},{"content_format":"native","file_name":"pipeline_model.json","location":"auto_ml/d99b48cf-e95e-4602-b8b6-cc10c9957c86/wml_data/02a7d55e-950a-439e-bdb7-be7abe774a9c/assets/02a7d55e-950a-439e-bdb7-be7abe774a9c_P4_hpo_c_output/resources/wml_model/pipeline_model.json"}],"location":{"path":"auto_ml/d99b48cf-e95e-4602-b8b6-cc10c9957c86/wml_data","training":"auto_ml/d99b48cf-e95e-4602-b8b6-cc10c9957c86/wml_data/02a7d55e-950a-439e-bdb7-be7abe774a9c","training_status":"auto_ml/d99b48cf-e95e-4602-b8b6-cc10c9957c86/wml_data/02a7d55e-950a-439e-bdb7-be7abe774a9c/training-status.json","bucket":"modelforprediction-donotdelete-pr-3or3tylohqzxas","type":"s3","assets_path":"auto_ml/d99b48cf-e95e-4602-b8b6-cc10c9957c86/wml_data/02a7d55e-950a-439e-bdb7-be7abe774a9c/assets"},"type":"s3"},"training_data_references":[{"connection":{"endpoint_url":"https://s3-api.us-geo.objectstorage.softlayer.net","auth_endpoint":"https://iam.bluemix.net/oidc/token/","api_key":"r_XBu_A62Fq8vjLd76ltP6FRF_7jPIDGzZE8y7yacDnB","secret_access_key":"7d4cf14295f6fc227044364c243cd07245c0cf1bb5329f80","access_key_id":"82091529d6b644d6b5abb4b96444e735","service_instance_id":"iam-ServiceId-6f3506eb-6162-4a84-b5a0-c2d6632b218b"},"location":{"bucket":"modelforprediction-donotdelete-pr-3or3tylohqzxas","path":"data.csv","type":"s3"},"type":"s3"}],"software_spec":{"base_id":"8c1a58c6-62b5-4dc4-987a-df751c2756b6","name":"hybrid_0.1"},"content_import_state":"completed"}},"attachments":[{"id":"4c6072ab-6d42-4a45-b7e4-e29ff32d0264","version":2,"asset_type":"wml_model","name":"P4_automl.zip","datasource_type":"193a97c1-4475-4a19-b90c-295c4fdc6517","creator_id":"IBMid-5500091P8V","create_time":1602581263226,"size":62881,"is_remote":false,"is_managed":true,"is_referenced":false,"is_object_key_read_only":false,"is_user_provided_path_key":false,"transfer_complete":true,"is_partitioned":false,"complete_time_ticks":1602581265239,"user_data":{"content_format":"pipeline-node","pipeline_node_id":"automl"},"test_doc":0,"handle":{"bucket":"modelforprediction-donotdelete-pr-3or3tylohqzxas","location":"us-geo","type":"bluemix_cos","key":"1a31bc61-4656-4b1e-a4ca-0ee8070375b8/d92e8ce0-1172-46c6-b01f-865213987730/4c6072ab-6d42-4a45-b7e4-e29ff32d0264","upload_id":"done","max_part_num":1},"usage":{"access_count":0,"last_accessor_id":"IBMid-5500091P8V","last_access_time":1602581263226}},{"id":"b5226d13-d06b-45ca-8636-4d18c17cca43","version":2,"asset_type":"wml_model","name":"pipeline_model.json","datasource_type":"193a97c1-4475-4a19-b90c-295c4fdc6517","creator_id":"IBMid-5500091P8V","create_time":1602581266268,"size":1506,"is_remote":false,"is_managed":true,"is_referenced":false,"is_object_key_read_only":false,"is_user_provided_path_key":false,"transfer_complete":true,"is_partitioned":false,"complete_time_ticks":1602581268477,"user_data":{"content_format":"native"},"test_doc":0,"handle":{"bucket":"modelforprediction-donotdelete-pr-3or3tylohqzxas","location":"us-geo","type":"bluemix_cos","key":"1a31bc61-4656-4b1e-a4ca-0ee8070375b8/d92e8ce0-1172-46c6-b01f-865213987730/b5226d13-d06b-45ca-8636-4d18c17cca43","upload_id":"done","max_part_num":1},"usage":{"access_count":0,"last_accessor_id":"IBMid-5500091P8V","last_access_time":1602581266268}}]}
